id,session_id,student_name,student_number,result,reflection,created_at
31e47a7e-2ba8-4d6b-bd85-d0645083e346,2475644b-e273-4a0f-8c0c-f80af4439083,김성수,20103,"{""n"":30,""p"":0.5,""mode"":""custom"",""repeats"":1000,""modeLabel"":""성공확률 직접 입력"",""activitySlug"":""probability-simulator"",""distribution"":[{""frequency"":0,""successCount"":0,""relativeFrequency"":0,""theoreticalProbability"":9.313225746154785e-10},{""frequency"":0,""successCount"":1,""relativeFrequency"":0,""theoreticalProbability"":2.7939677238464355e-8},{""frequency"":0,""successCount"":2,""relativeFrequency"":0,""theoreticalProbability"":4.0512531995773315e-7},{""frequency"":0,""successCount"":3,""relativeFrequency"":0,""theoreticalProbability"":0.0000037811696529388428},{""frequency"":0,""successCount"":4,""relativeFrequency"":0,""theoreticalProbability"":0.00002552289515733719},{""frequency"":0,""successCount"":5,""relativeFrequency"":0,""theoreticalProbability"":0.00013271905481815338},{""frequency"":0,""successCount"":6,""relativeFrequency"":0,""theoreticalProbability"":0.0005529960617423058},{""frequency"":0,""successCount"":7,""relativeFrequency"":0,""theoreticalProbability"":0.0018959864974021912},{""frequency"":5,""successCount"":8,""relativeFrequency"":0.005,""theoreticalProbability"":0.0054509611800313},{""frequency"":14,""successCount"":9,""relativeFrequency"":0.014,""theoreticalProbability"":0.013324571773409843},{""frequency"":29,""successCount"":10,""relativeFrequency"":0.029,""theoreticalProbability"":0.02798160072416067},{""frequency"":42,""successCount"":11,""relativeFrequency"":0.042,""theoreticalProbability"":0.05087563768029213},{""frequency"":83,""successCount"":12,""relativeFrequency"":0.083,""theoreticalProbability"":0.08055309299379587},{""frequency"":114,""successCount"":13,""relativeFrequency"":0.114,""theoreticalProbability"":0.11153505183756351},{""frequency"":134,""successCount"":14,""relativeFrequency"":0.134,""theoreticalProbability"":0.13543542008846998},{""frequency"":145,""successCount"":15,""relativeFrequency"":0.145,""theoreticalProbability"":0.14446444809436798},{""frequency"":128,""successCount"":16,""relativeFrequency"":0.128,""theoreticalProbability"":0.13543542008846998},{""frequency"":121,""successCount"":17,""relativeFrequency"":0.121,""theoreticalProbability"":0.11153505183756351},{""frequency"":61,""successCount"":18,""relativeFrequency"":0.061,""theoreticalProbability"":0.08055309299379587},{""frequency"":54,""successCount"":19,""relativeFrequency"":0.054,""theoreticalProbability"":0.05087563768029213},{""frequency"":37,""successCount"":20,""relativeFrequency"":0.037,""theoreticalProbability"":0.02798160072416067},{""frequency"":23,""successCount"":21,""relativeFrequency"":0.023,""theoreticalProbability"":0.013324571773409843},{""frequency"":7,""successCount"":22,""relativeFrequency"":0.007,""theoreticalProbability"":0.0054509611800313},{""frequency"":2,""successCount"":23,""relativeFrequency"":0.002,""theoreticalProbability"":0.0018959864974021912},{""frequency"":1,""successCount"":24,""relativeFrequency"":0.001,""theoreticalProbability"":0.0005529960617423058},{""frequency"":0,""successCount"":25,""relativeFrequency"":0,""theoreticalProbability"":0.00013271905481815338},{""frequency"":0,""successCount"":26,""relativeFrequency"":0,""theoreticalProbability"":0.00002552289515733719},{""frequency"":0,""successCount"":27,""relativeFrequency"":0,""theoreticalProbability"":0.0000037811696529388428},{""frequency"":0,""successCount"":28,""relativeFrequency"":0,""theoreticalProbability"":4.0512531995773315e-7},{""frequency"":0,""successCount"":29,""relativeFrequency"":0,""theoreticalProbability"":2.7939677238464355e-8},{""frequency"":0,""successCount"":30,""relativeFrequency"":0,""theoreticalProbability"":9.313225746154785e-10}],""expectedMean"":15,""observedMean"":15.123,""expectedVariance"":7.5,""observedVariance"":7.797871000000015,""interpretationType"":""large_number_law""}",캡짱!!,2026-05-22 13:17:41.303665+00
3928ba92-eb15-499e-a271-f1f82df55ebb,2475644b-e273-4a0f-8c0c-f80af4439083,테스트학생,20202,"{""n"":30,""p"":0.5,""mode"":""custom"",""repeats"":1000,""modeLabel"":""성공확률 직접 입력"",""activitySlug"":""probability-simulator"",""distribution"":[{""frequency"":0,""successCount"":0,""relativeFrequency"":0,""theoreticalProbability"":9.313225746154785e-10},{""frequency"":0,""successCount"":1,""relativeFrequency"":0,""theoreticalProbability"":2.7939677238464355e-8},{""frequency"":0,""successCount"":2,""relativeFrequency"":0,""theoreticalProbability"":4.0512531995773315e-7},{""frequency"":0,""successCount"":3,""relativeFrequency"":0,""theoreticalProbability"":0.0000037811696529388428},{""frequency"":0,""successCount"":4,""relativeFrequency"":0,""theoreticalProbability"":0.00002552289515733719},{""frequency"":0,""successCount"":5,""relativeFrequency"":0,""theoreticalProbability"":0.00013271905481815338},{""frequency"":0,""successCount"":6,""relativeFrequency"":0,""theoreticalProbability"":0.0005529960617423058},{""frequency"":1,""successCount"":7,""relativeFrequency"":0.001,""theoreticalProbability"":0.0018959864974021912},{""frequency"":9,""successCount"":8,""relativeFrequency"":0.009,""theoreticalProbability"":0.0054509611800313},{""frequency"":13,""successCount"":9,""relativeFrequency"":0.013,""theoreticalProbability"":0.013324571773409843},{""frequency"":17,""successCount"":10,""relativeFrequency"":0.017,""theoreticalProbability"":0.02798160072416067},{""frequency"":59,""successCount"":11,""relativeFrequency"":0.059,""theoreticalProbability"":0.05087563768029213},{""frequency"":84,""successCount"":12,""relativeFrequency"":0.084,""theoreticalProbability"":0.08055309299379587},{""frequency"":113,""successCount"":13,""relativeFrequency"":0.113,""theoreticalProbability"":0.11153505183756351},{""frequency"":117,""successCount"":14,""relativeFrequency"":0.117,""theoreticalProbability"":0.13543542008846998},{""frequency"":162,""successCount"":15,""relativeFrequency"":0.162,""theoreticalProbability"":0.14446444809436798},{""frequency"":125,""successCount"":16,""relativeFrequency"":0.125,""theoreticalProbability"":0.13543542008846998},{""frequency"":111,""successCount"":17,""relativeFrequency"":0.111,""theoreticalProbability"":0.11153505183756351},{""frequency"":70,""successCount"":18,""relativeFrequency"":0.07,""theoreticalProbability"":0.08055309299379587},{""frequency"":59,""successCount"":19,""relativeFrequency"":0.059,""theoreticalProbability"":0.05087563768029213},{""frequency"":33,""successCount"":20,""relativeFrequency"":0.033,""theoreticalProbability"":0.02798160072416067},{""frequency"":20,""successCount"":21,""relativeFrequency"":0.02,""theoreticalProbability"":0.013324571773409843},{""frequency"":2,""successCount"":22,""relativeFrequency"":0.002,""theoreticalProbability"":0.0054509611800313},{""frequency"":3,""successCount"":23,""relativeFrequency"":0.003,""theoreticalProbability"":0.0018959864974021912},{""frequency"":0,""successCount"":24,""relativeFrequency"":0,""theoreticalProbability"":0.0005529960617423058},{""frequency"":2,""successCount"":25,""relativeFrequency"":0.002,""theoreticalProbability"":0.00013271905481815338},{""frequency"":0,""successCount"":26,""relativeFrequency"":0,""theoreticalProbability"":0.00002552289515733719},{""frequency"":0,""successCount"":27,""relativeFrequency"":0,""theoreticalProbability"":0.0000037811696529388428},{""frequency"":0,""successCount"":28,""relativeFrequency"":0,""theoreticalProbability"":4.0512531995773315e-7},{""frequency"":0,""successCount"":29,""relativeFrequency"":0,""theoreticalProbability"":2.7939677238464355e-8},{""frequency"":0,""successCount"":30,""relativeFrequency"":0,""theoreticalProbability"":9.313225746154785e-10}],""expectedMean"":15,""observedMean"":15.071,""expectedVariance"":7.5,""observedVariance"":7.839958999999993,""interpretationType"":""personal_question""}",제발,2026-05-23 15:25:17.501482+00
5680079d-b624-47ff-af70-ae910db8609e,cf1eea0c-14ae-41c1-84a5-834f1aada652,이이이,20104,"{""n"":30,""p"":0.5,""mode"":""coin"",""repeats"":1000,""modeLabel"":""동전 던지기"",""activitySlug"":""probability-simulator"",""distribution"":[{""frequency"":0,""successCount"":0,""relativeFrequency"":0,""theoreticalProbability"":9.313225746154785e-10},{""frequency"":0,""successCount"":1,""relativeFrequency"":0,""theoreticalProbability"":2.7939677238464355e-8},{""frequency"":0,""successCount"":2,""relativeFrequency"":0,""theoreticalProbability"":4.0512531995773315e-7},{""frequency"":0,""successCount"":3,""relativeFrequency"":0,""theoreticalProbability"":0.0000037811696529388428},{""frequency"":0,""successCount"":4,""relativeFrequency"":0,""theoreticalProbability"":0.00002552289515733719},{""frequency"":0,""successCount"":5,""relativeFrequency"":0,""theoreticalProbability"":0.00013271905481815338},{""frequency"":0,""successCount"":6,""relativeFrequency"":0,""theoreticalProbability"":0.0005529960617423058},{""frequency"":3,""successCount"":7,""relativeFrequency"":0.003,""theoreticalProbability"":0.0018959864974021912},{""frequency"":8,""successCount"":8,""relativeFrequency"":0.008,""theoreticalProbability"":0.0054509611800313},{""frequency"":12,""successCount"":9,""relativeFrequency"":0.012,""theoreticalProbability"":0.013324571773409843},{""frequency"":21,""successCount"":10,""relativeFrequency"":0.021,""theoreticalProbability"":0.02798160072416067},{""frequency"":49,""successCount"":11,""relativeFrequency"":0.049,""theoreticalProbability"":0.05087563768029213},{""frequency"":84,""successCount"":12,""relativeFrequency"":0.084,""theoreticalProbability"":0.08055309299379587},{""frequency"":127,""successCount"":13,""relativeFrequency"":0.127,""theoreticalProbability"":0.11153505183756351},{""frequency"":125,""successCount"":14,""relativeFrequency"":0.125,""theoreticalProbability"":0.13543542008846998},{""frequency"":138,""successCount"":15,""relativeFrequency"":0.138,""theoreticalProbability"":0.14446444809436798},{""frequency"":130,""successCount"":16,""relativeFrequency"":0.13,""theoreticalProbability"":0.13543542008846998},{""frequency"":110,""successCount"":17,""relativeFrequency"":0.11,""theoreticalProbability"":0.11153505183756351},{""frequency"":83,""successCount"":18,""relativeFrequency"":0.083,""theoreticalProbability"":0.08055309299379587},{""frequency"":58,""successCount"":19,""relativeFrequency"":0.058,""theoreticalProbability"":0.05087563768029213},{""frequency"":26,""successCount"":20,""relativeFrequency"":0.026,""theoreticalProbability"":0.02798160072416067},{""frequency"":17,""successCount"":21,""relativeFrequency"":0.017,""theoreticalProbability"":0.013324571773409843},{""frequency"":3,""successCount"":22,""relativeFrequency"":0.003,""theoreticalProbability"":0.0054509611800313},{""frequency"":6,""successCount"":23,""relativeFrequency"":0.006,""theoreticalProbability"":0.0018959864974021912},{""frequency"":0,""successCount"":24,""relativeFrequency"":0,""theoreticalProbability"":0.0005529960617423058},{""frequency"":0,""successCount"":25,""relativeFrequency"":0,""theoreticalProbability"":0.00013271905481815338},{""frequency"":0,""successCount"":26,""relativeFrequency"":0,""theoreticalProbability"":0.00002552289515733719},{""frequency"":0,""successCount"":27,""relativeFrequency"":0,""theoreticalProbability"":0.0000037811696529388428},{""frequency"":0,""successCount"":28,""relativeFrequency"":0,""theoreticalProbability"":4.0512531995773315e-7},{""frequency"":0,""successCount"":29,""relativeFrequency"":0,""theoreticalProbability"":2.7939677238464355e-8},{""frequency"":0,""successCount"":30,""relativeFrequency"":0,""theoreticalProbability"":9.313225746154785e-10}],""expectedMean"":15,""observedMean"":15.048,""expectedVariance"":7.5,""observedVariance"":7.749696,""interpretationType"":""large_number_law""}","또해요,",2026-05-22 13:46:17.706562+00
761dce5e-cf81-4225-8c32-b2ff74920bcf,cf1eea0c-14ae-41c1-84a5-834f1aada652,테스트학생,2,"{""n"":38,""p"":0.16666666666666666,""mode"":""dice"",""repeats"":1000,""modeLabel"":""주사위에서 특정 눈 나오기"",""activitySlug"":""probability-simulator"",""distribution"":[{""frequency"":0,""successCount"":0,""relativeFrequency"":0,""theoreticalProbability"":0.0009797440849871508},{""frequency"":9,""successCount"":1,""relativeFrequency"":0.009,""theoreticalProbability"":0.007446055045902345},{""frequency"":44,""successCount"":2,""relativeFrequency"":0.044,""theoreticalProbability"":0.02755040366983867},{""frequency"":67,""successCount"":3,""relativeFrequency"":0.067,""theoreticalProbability"":0.0661209688076128},{""frequency"":104,""successCount"":4,""relativeFrequency"":0.104,""theoreticalProbability"":0.11571169541332241},{""frequency"":154,""successCount"":5,""relativeFrequency"":0.154,""theoreticalProbability"":0.15736790576211843},{""frequency"":163,""successCount"":6,""relativeFrequency"":0.163,""theoreticalProbability"":0.17310469633833026},{""frequency"":147,""successCount"":7,""relativeFrequency"":0.147,""theoreticalProbability"":0.15826715093790195},{""frequency"":140,""successCount"":8,""relativeFrequency"":0.14,""theoreticalProbability"":0.122657041976874},{""frequency"":99,""successCount"":9,""relativeFrequency"":0.099,""theoreticalProbability"":0.08177136131791599},{""frequency"":47,""successCount"":10,""relativeFrequency"":0.047,""theoreticalProbability"":0.04742738956439128},{""frequency"":14,""successCount"":11,""relativeFrequency"":0.014,""theoreticalProbability"":0.024144852869144643},{""frequency"":9,""successCount"":12,""relativeFrequency"":0.009,""theoreticalProbability"":0.010865183791115089},{""frequency"":2,""successCount"":13,""relativeFrequency"":0.002,""theoreticalProbability"":0.004346073516446036},{""frequency"":0,""successCount"":14,""relativeFrequency"":0,""theoreticalProbability"":0.001552169113016441},{""frequency"":1,""successCount"":15,""relativeFrequency"":0.001,""theoreticalProbability"":0.0004966941161652611},{""frequency"":0,""successCount"":16,""relativeFrequency"":0,""theoreticalProbability"":0.00014279955839751254},{""frequency"":0,""successCount"":17,""relativeFrequency"":0,""theoreticalProbability"":0.0000369598857028856},{""frequency"":0,""successCount"":18,""relativeFrequency"":0,""theoreticalProbability"":0.000008623973330673306},{""frequency"":0,""successCount"":19,""relativeFrequency"":0,""theoreticalProbability"":0.0000018155733327733272},{""frequency"":0,""successCount"":20,""relativeFrequency"":0,""theoreticalProbability"":3.449589332269321e-7},{""frequency"":0,""successCount"":21,""relativeFrequency"":0,""theoreticalProbability"":5.913581712461693e-8},{""frequency"":0,""successCount"":22,""relativeFrequency"":0,""theoreticalProbability"":9.139171737440799e-9},{""frequency"":0,""successCount"":23,""relativeFrequency"":0,""theoreticalProbability"":1.2715369373830673e-9},{""frequency"":0,""successCount"":24,""relativeFrequency"":0,""theoreticalProbability"":1.589421171728834e-10},{""frequency"":0,""successCount"":25,""relativeFrequency"":0,""theoreticalProbability"":1.780151712336294e-11},{""frequency"":0,""successCount"":26,""relativeFrequency"":0,""theoreticalProbability"":1.7801517123362938e-12},{""frequency"":0,""successCount"":27,""relativeFrequency"":0,""theoreticalProbability"":1.582357077632261e-13},{""frequency"":0,""successCount"":28,""relativeFrequency"":0,""theoreticalProbability"":1.2432805609967763e-14},{""frequency"":0,""successCount"":29,""relativeFrequency"":0,""theoreticalProbability"":8.574348696529491e-16},{""frequency"":0,""successCount"":30,""relativeFrequency"":0,""theoreticalProbability"":5.1446092179176936e-17},{""frequency"":0,""successCount"":31,""relativeFrequency"":0,""theoreticalProbability"":2.655282176989777e-18},{""frequency"":0,""successCount"":32,""relativeFrequency"":0,""theoreticalProbability"":1.1616859524330274e-19},{""frequency"":0,""successCount"":33,""relativeFrequency"":0,""theoreticalProbability"":4.224312554301919e-21},{""frequency"":0,""successCount"":34,""relativeFrequency"":0,""theoreticalProbability"":1.2424448689123287e-22},{""frequency"":0,""successCount"":35,""relativeFrequency"":0,""theoreticalProbability"":2.8398739860853227e-24},{""frequency"":0,""successCount"":36,""relativeFrequency"":0,""theoreticalProbability"":4.7331233101422033e-26},{""frequency"":0,""successCount"":37,""relativeFrequency"":0,""theoreticalProbability"":5.116890065018598e-28},{""frequency"":0,""successCount"":38,""relativeFrequency"":0,""theoreticalProbability"":2.693100034220314e-30}],""expectedMean"":6.333333333333333,""observedMean"":6.275,""expectedVariance"":5.277777777777778,""observedVariance"":5.22937499999999,""interpretationType"":""distribution_shape""}",새로 했어요.,2026-05-23 14:50:11.636718+00
821ef186-477a-451f-b74d-1efb5acb1082,cf1eea0c-14ae-41c1-84a5-834f1aada652,테스트학생,20202,"{""n"":30,""p"":0.5,""mode"":""coin"",""repeats"":1000,""modeLabel"":""동전 던지기"",""activitySlug"":""probability-simulator"",""distribution"":[{""frequency"":0,""successCount"":0,""relativeFrequency"":0,""theoreticalProbability"":9.313225746154785e-10},{""frequency"":0,""successCount"":1,""relativeFrequency"":0,""theoreticalProbability"":2.7939677238464355e-8},{""frequency"":0,""successCount"":2,""relativeFrequency"":0,""theoreticalProbability"":4.0512531995773315e-7},{""frequency"":0,""successCount"":3,""relativeFrequency"":0,""theoreticalProbability"":0.0000037811696529388428},{""frequency"":0,""successCount"":4,""relativeFrequency"":0,""theoreticalProbability"":0.00002552289515733719},{""frequency"":1,""successCount"":5,""relativeFrequency"":0.001,""theoreticalProbability"":0.00013271905481815338},{""frequency"":0,""successCount"":6,""relativeFrequency"":0,""theoreticalProbability"":0.0005529960617423058},{""frequency"":7,""successCount"":7,""relativeFrequency"":0.007,""theoreticalProbability"":0.0018959864974021912},{""frequency"":9,""successCount"":8,""relativeFrequency"":0.009,""theoreticalProbability"":0.0054509611800313},{""frequency"":15,""successCount"":9,""relativeFrequency"":0.015,""theoreticalProbability"":0.013324571773409843},{""frequency"":35,""successCount"":10,""relativeFrequency"":0.035,""theoreticalProbability"":0.02798160072416067},{""frequency"":63,""successCount"":11,""relativeFrequency"":0.063,""theoreticalProbability"":0.05087563768029213},{""frequency"":71,""successCount"":12,""relativeFrequency"":0.071,""theoreticalProbability"":0.08055309299379587},{""frequency"":112,""successCount"":13,""relativeFrequency"":0.112,""theoreticalProbability"":0.11153505183756351},{""frequency"":142,""successCount"":14,""relativeFrequency"":0.142,""theoreticalProbability"":0.13543542008846998},{""frequency"":127,""successCount"":15,""relativeFrequency"":0.127,""theoreticalProbability"":0.14446444809436798},{""frequency"":121,""successCount"":16,""relativeFrequency"":0.121,""theoreticalProbability"":0.13543542008846998},{""frequency"":123,""successCount"":17,""relativeFrequency"":0.123,""theoreticalProbability"":0.11153505183756351},{""frequency"":81,""successCount"":18,""relativeFrequency"":0.081,""theoreticalProbability"":0.08055309299379587},{""frequency"":49,""successCount"":19,""relativeFrequency"":0.049,""theoreticalProbability"":0.05087563768029213},{""frequency"":20,""successCount"":20,""relativeFrequency"":0.02,""theoreticalProbability"":0.02798160072416067},{""frequency"":14,""successCount"":21,""relativeFrequency"":0.014,""theoreticalProbability"":0.013324571773409843},{""frequency"":5,""successCount"":22,""relativeFrequency"":0.005,""theoreticalProbability"":0.0054509611800313},{""frequency"":3,""successCount"":23,""relativeFrequency"":0.003,""theoreticalProbability"":0.0018959864974021912},{""frequency"":1,""successCount"":24,""relativeFrequency"":0.001,""theoreticalProbability"":0.0005529960617423058},{""frequency"":1,""successCount"":25,""relativeFrequency"":0.001,""theoreticalProbability"":0.00013271905481815338},{""frequency"":0,""successCount"":26,""relativeFrequency"":0,""theoreticalProbability"":0.00002552289515733719},{""frequency"":0,""successCount"":27,""relativeFrequency"":0,""theoreticalProbability"":0.0000037811696529388428},{""frequency"":0,""successCount"":28,""relativeFrequency"":0,""theoreticalProbability"":4.0512531995773315e-7},{""frequency"":0,""successCount"":29,""relativeFrequency"":0,""theoreticalProbability"":2.7939677238464355e-8},{""frequency"":0,""successCount"":30,""relativeFrequency"":0,""theoreticalProbability"":9.313225746154785e-10}],""expectedMean"":15,""observedMean"":14.843,""expectedVariance"":7.5,""observedVariance"":8.364351,""interpretationType"":""theory_comparison""}",굿,2026-05-23 15:14:36.954222+00
927f0595-40cf-4ca7-a9f4-7037d5200a87,cf1eea0c-14ae-41c1-84a5-834f1aada652,이이이,20104,"{""n"":30,""p"":0.5,""mode"":""coin"",""repeats"":1000,""modeLabel"":""동전 던지기"",""activitySlug"":""probability-simulator"",""distribution"":[{""frequency"":0,""successCount"":0,""relativeFrequency"":0,""theoreticalProbability"":9.313225746154785e-10},{""frequency"":0,""successCount"":1,""relativeFrequency"":0,""theoreticalProbability"":2.7939677238464355e-8},{""frequency"":0,""successCount"":2,""relativeFrequency"":0,""theoreticalProbability"":4.0512531995773315e-7},{""frequency"":0,""successCount"":3,""relativeFrequency"":0,""theoreticalProbability"":0.0000037811696529388428},{""frequency"":0,""successCount"":4,""relativeFrequency"":0,""theoreticalProbability"":0.00002552289515733719},{""frequency"":0,""successCount"":5,""relativeFrequency"":0,""theoreticalProbability"":0.00013271905481815338},{""frequency"":0,""successCount"":6,""relativeFrequency"":0,""theoreticalProbability"":0.0005529960617423058},{""frequency"":3,""successCount"":7,""relativeFrequency"":0.003,""theoreticalProbability"":0.0018959864974021912},{""frequency"":8,""successCount"":8,""relativeFrequency"":0.008,""theoreticalProbability"":0.0054509611800313},{""frequency"":12,""successCount"":9,""relativeFrequency"":0.012,""theoreticalProbability"":0.013324571773409843},{""frequency"":21,""successCount"":10,""relativeFrequency"":0.021,""theoreticalProbability"":0.02798160072416067},{""frequency"":49,""successCount"":11,""relativeFrequency"":0.049,""theoreticalProbability"":0.05087563768029213},{""frequency"":84,""successCount"":12,""relativeFrequency"":0.084,""theoreticalProbability"":0.08055309299379587},{""frequency"":127,""successCount"":13,""relativeFrequency"":0.127,""theoreticalProbability"":0.11153505183756351},{""frequency"":125,""successCount"":14,""relativeFrequency"":0.125,""theoreticalProbability"":0.13543542008846998},{""frequency"":138,""successCount"":15,""relativeFrequency"":0.138,""theoreticalProbability"":0.14446444809436798},{""frequency"":130,""successCount"":16,""relativeFrequency"":0.13,""theoreticalProbability"":0.13543542008846998},{""frequency"":110,""successCount"":17,""relativeFrequency"":0.11,""theoreticalProbability"":0.11153505183756351},{""frequency"":83,""successCount"":18,""relativeFrequency"":0.083,""theoreticalProbability"":0.08055309299379587},{""frequency"":58,""successCount"":19,""relativeFrequency"":0.058,""theoreticalProbability"":0.05087563768029213},{""frequency"":26,""successCount"":20,""relativeFrequency"":0.026,""theoreticalProbability"":0.02798160072416067},{""frequency"":17,""successCount"":21,""relativeFrequency"":0.017,""theoreticalProbability"":0.013324571773409843},{""frequency"":3,""successCount"":22,""relativeFrequency"":0.003,""theoreticalProbability"":0.0054509611800313},{""frequency"":6,""successCount"":23,""relativeFrequency"":0.006,""theoreticalProbability"":0.0018959864974021912},{""frequency"":0,""successCount"":24,""relativeFrequency"":0,""theoreticalProbability"":0.0005529960617423058},{""frequency"":0,""successCount"":25,""relativeFrequency"":0,""theoreticalProbability"":0.00013271905481815338},{""frequency"":0,""successCount"":26,""relativeFrequency"":0,""theoreticalProbability"":0.00002552289515733719},{""frequency"":0,""successCount"":27,""relativeFrequency"":0,""theoreticalProbability"":0.0000037811696529388428},{""frequency"":0,""successCount"":28,""relativeFrequency"":0,""theoreticalProbability"":4.0512531995773315e-7},{""frequency"":0,""successCount"":29,""relativeFrequency"":0,""theoreticalProbability"":2.7939677238464355e-8},{""frequency"":0,""successCount"":30,""relativeFrequency"":0,""theoreticalProbability"":9.313225746154785e-10}],""expectedMean"":15,""observedMean"":15.048,""expectedVariance"":7.5,""observedVariance"":7.749696,""interpretationType"":""theory_comparison""}",신기해여....,2026-05-22 13:45:57.187289+00
a41d35ee-7e4f-433c-96d7-f9ee2468d114,9aa2fa14-1718-4b70-94de-9fddce3c3f19,김소서,20101,"{""n"":30,""p"":0.5,""mode"":""coin"",""repeats"":1000,""modeLabel"":""동전 던지기"",""activitySlug"":""probability-simulator"",""distribution"":[{""frequency"":0,""successCount"":0,""relativeFrequency"":0,""theoreticalProbability"":9.313225746154785e-10},{""frequency"":0,""successCount"":1,""relativeFrequency"":0,""theoreticalProbability"":2.7939677238464355e-8},{""frequency"":0,""successCount"":2,""relativeFrequency"":0,""theoreticalProbability"":4.0512531995773315e-7},{""frequency"":0,""successCount"":3,""relativeFrequency"":0,""theoreticalProbability"":0.0000037811696529388428},{""frequency"":0,""successCount"":4,""relativeFrequency"":0,""theoreticalProbability"":0.00002552289515733719},{""frequency"":0,""successCount"":5,""relativeFrequency"":0,""theoreticalProbability"":0.00013271905481815338},{""frequency"":0,""successCount"":6,""relativeFrequency"":0,""theoreticalProbability"":0.0005529960617423058},{""frequency"":3,""successCount"":7,""relativeFrequency"":0.003,""theoreticalProbability"":0.0018959864974021912},{""frequency"":5,""successCount"":8,""relativeFrequency"":0.005,""theoreticalProbability"":0.0054509611800313},{""frequency"":8,""successCount"":9,""relativeFrequency"":0.008,""theoreticalProbability"":0.013324571773409843},{""frequency"":28,""successCount"":10,""relativeFrequency"":0.028,""theoreticalProbability"":0.02798160072416067},{""frequency"":56,""successCount"":11,""relativeFrequency"":0.056,""theoreticalProbability"":0.05087563768029213},{""frequency"":80,""successCount"":12,""relativeFrequency"":0.08,""theoreticalProbability"":0.08055309299379587},{""frequency"":102,""successCount"":13,""relativeFrequency"":0.102,""theoreticalProbability"":0.11153505183756351},{""frequency"":125,""successCount"":14,""relativeFrequency"":0.125,""theoreticalProbability"":0.13543542008846998},{""frequency"":157,""successCount"":15,""relativeFrequency"":0.157,""theoreticalProbability"":0.14446444809436798},{""frequency"":147,""successCount"":16,""relativeFrequency"":0.147,""theoreticalProbability"":0.13543542008846998},{""frequency"":104,""successCount"":17,""relativeFrequency"":0.104,""theoreticalProbability"":0.11153505183756351},{""frequency"":81,""successCount"":18,""relativeFrequency"":0.081,""theoreticalProbability"":0.08055309299379587},{""frequency"":50,""successCount"":19,""relativeFrequency"":0.05,""theoreticalProbability"":0.05087563768029213},{""frequency"":26,""successCount"":20,""relativeFrequency"":0.026,""theoreticalProbability"":0.02798160072416067},{""frequency"":16,""successCount"":21,""relativeFrequency"":0.016,""theoreticalProbability"":0.013324571773409843},{""frequency"":11,""successCount"":22,""relativeFrequency"":0.011,""theoreticalProbability"":0.0054509611800313},{""frequency"":1,""successCount"":23,""relativeFrequency"":0.001,""theoreticalProbability"":0.0018959864974021912},{""frequency"":0,""successCount"":24,""relativeFrequency"":0,""theoreticalProbability"":0.0005529960617423058},{""frequency"":0,""successCount"":25,""relativeFrequency"":0,""theoreticalProbability"":0.00013271905481815338},{""frequency"":0,""successCount"":26,""relativeFrequency"":0,""theoreticalProbability"":0.00002552289515733719},{""frequency"":0,""successCount"":27,""relativeFrequency"":0,""theoreticalProbability"":0.0000037811696529388428},{""frequency"":0,""successCount"":28,""relativeFrequency"":0,""theoreticalProbability"":4.0512531995773315e-7},{""frequency"":0,""successCount"":29,""relativeFrequency"":0,""theoreticalProbability"":2.7939677238464355e-8},{""frequency"":0,""successCount"":30,""relativeFrequency"":0,""theoreticalProbability"":9.313225746154785e-10}],""expectedMean"":15,""observedMean"":15.069,""expectedVariance"":7.5,""observedVariance"":7.490238999999974,""interpretationType"":""theory_comparison""}",반복할 수록 평균이 np에 가까워져요.,2026-05-22 11:33:12.568879+00
a9d3617f-7891-4735-bf45-8327274c1600,cf1eea0c-14ae-41c1-84a5-834f1aada652,테스트학생,2,"{""n"":45,""p"":0.5,""mode"":""coin"",""repeats"":1000,""modeLabel"":""동전 던지기"",""activitySlug"":""probability-simulator"",""distribution"":[{""frequency"":0,""successCount"":0,""relativeFrequency"":0,""theoreticalProbability"":2.842170943040401e-14},{""frequency"":0,""successCount"":1,""relativeFrequency"":0,""theoreticalProbability"":1.2789769243681803e-12},{""frequency"":0,""successCount"":2,""relativeFrequency"":0,""theoreticalProbability"":2.8137492336099967e-11},{""frequency"":0,""successCount"":3,""relativeFrequency"":0,""theoreticalProbability"":4.0330405681743287e-10},{""frequency"":0,""successCount"":4,""relativeFrequency"":0,""theoreticalProbability"":4.234692596583045e-9},{""frequency"":0,""successCount"":5,""relativeFrequency"":0,""theoreticalProbability"":3.472447929198097e-8},{""frequency"":0,""successCount"":6,""relativeFrequency"":0,""theoreticalProbability"":2.3149652861320646e-7},{""frequency"":0,""successCount"":7,""relativeFrequency"":0,""theoreticalProbability"":0.0000012897663737021503},{""frequency"":0,""successCount"":8,""relativeFrequency"":0,""theoreticalProbability"":0.000006126390275085214},{""frequency"":0,""successCount"":9,""relativeFrequency"":0,""theoreticalProbability"":0.00002518627113090588},{""frequency"":0,""successCount"":10,""relativeFrequency"":0,""theoreticalProbability"":0.00009067057607126117},{""frequency"":0,""successCount"":11,""relativeFrequency"":0,""theoreticalProbability"":0.00028849728749946735},{""frequency"":1,""successCount"":12,""relativeFrequency"":0.001,""theoreticalProbability"":0.0008174089812484908},{""frequency"":1,""successCount"":13,""relativeFrequency"":0.001,""theoreticalProbability"":0.002074961260092323},{""frequency"":9,""successCount"":14,""relativeFrequency"":0.009,""theoreticalProbability"":0.004742768594496738},{""frequency"":4,""successCount"":15,""relativeFrequency"":0.004,""theoreticalProbability"":0.009801721761959925},{""frequency"":21,""successCount"":16,""relativeFrequency"":0.021,""theoreticalProbability"":0.01837822830367486},{""frequency"":38,""successCount"":17,""relativeFrequency"":0.038,""theoreticalProbability"":0.031351095341562996},{""frequency"":41,""successCount"":18,""relativeFrequency"":0.041,""theoreticalProbability"":0.048768370531320215},{""frequency"":77,""successCount"":19,""relativeFrequency"":0.077,""theoreticalProbability"":0.06930242128134978},{""frequency"":91,""successCount"":20,""relativeFrequency"":0.091,""theoreticalProbability"":0.09009314766575471},{""frequency"":100,""successCount"":21,""relativeFrequency"":0.1,""theoreticalProbability"":0.10725374722113656},{""frequency"":102,""successCount"":22,""relativeFrequency"":0.102,""theoreticalProbability"":0.11700408787760352},{""frequency"":112,""successCount"":23,""relativeFrequency"":0.112,""theoreticalProbability"":0.11700408787760352},{""frequency"":114,""successCount"":24,""relativeFrequency"":0.114,""theoreticalProbability"":0.10725374722113656},{""frequency"":90,""successCount"":25,""relativeFrequency"":0.09,""theoreticalProbability"":0.09009314766575471},{""frequency"":77,""successCount"":26,""relativeFrequency"":0.077,""theoreticalProbability"":0.06930242128134978},{""frequency"":47,""successCount"":27,""relativeFrequency"":0.047,""theoreticalProbability"":0.048768370531320215},{""frequency"":32,""successCount"":28,""relativeFrequency"":0.032,""theoreticalProbability"":0.031351095341562996},{""frequency"":17,""successCount"":29,""relativeFrequency"":0.017,""theoreticalProbability"":0.01837822830367486},{""frequency"":10,""successCount"":30,""relativeFrequency"":0.01,""theoreticalProbability"":0.009801721761959925},{""frequency"":12,""successCount"":31,""relativeFrequency"":0.012,""theoreticalProbability"":0.004742768594496738},{""frequency"":2,""successCount"":32,""relativeFrequency"":0.002,""theoreticalProbability"":0.002074961260092323},{""frequency"":2,""successCount"":33,""relativeFrequency"":0.002,""theoreticalProbability"":0.0008174089812484908},{""frequency"":0,""successCount"":34,""relativeFrequency"":0,""theoreticalProbability"":0.00028849728749946735},{""frequency"":0,""successCount"":35,""relativeFrequency"":0,""theoreticalProbability"":0.00009067057607126117},{""frequency"":0,""successCount"":36,""relativeFrequency"":0,""theoreticalProbability"":0.00002518627113090588},{""frequency"":0,""successCount"":37,""relativeFrequency"":0,""theoreticalProbability"":0.000006126390275085214},{""frequency"":0,""successCount"":38,""relativeFrequency"":0,""theoreticalProbability"":0.0000012897663737021503},{""frequency"":0,""successCount"":39,""relativeFrequency"":0,""theoreticalProbability"":2.3149652861320646e-7},{""frequency"":0,""successCount"":40,""relativeFrequency"":0,""theoreticalProbability"":3.472447929198097e-8},{""frequency"":0,""successCount"":41,""relativeFrequency"":0,""theoreticalProbability"":4.234692596583045e-9},{""frequency"":0,""successCount"":42,""relativeFrequency"":0,""theoreticalProbability"":4.0330405681743287e-10},{""frequency"":0,""successCount"":43,""relativeFrequency"":0,""theoreticalProbability"":2.8137492336099967e-11},{""frequency"":0,""successCount"":44,""relativeFrequency"":0,""theoreticalProbability"":1.2789769243681803e-12},{""frequency"":0,""successCount"":45,""relativeFrequency"":0,""theoreticalProbability"":2.842170943040401e-14}],""expectedMean"":22.5,""observedMean"":22.582,""expectedVariance"":11.25,""observedVariance"":11.957275999999979,""interpretationType"":""theory_comparison""}",샤샷,2026-05-23 15:04:23.889213+00
b211ec1a-09ac-4f75-a7c6-ae2de5101afb,2475644b-e273-4a0f-8c0c-f80af4439083,김김김,20102,"{""n"":30,""p"":0.16666666666666666,""mode"":""dice"",""repeats"":1000,""modeLabel"":""주사위에서 특정 눈 나오기"",""activitySlug"":""probability-simulator"",""distribution"":[{""frequency"":6,""successCount"":0,""relativeFrequency"":0.006,""theoreticalProbability"":0.004212720233087431},{""frequency"":26,""successCount"":1,""relativeFrequency"":0.026,""theoreticalProbability"":0.025276321398524582},{""frequency"":64,""successCount"":2,""relativeFrequency"":0.064,""theoreticalProbability"":0.07330133205572129},{""frequency"":131,""successCount"":3,""relativeFrequency"":0.131,""theoreticalProbability"":0.13682915317067967},{""frequency"":203,""successCount"":4,""relativeFrequency"":0.203,""theoreticalProbability"":0.1847193567804176},{""frequency"":195,""successCount"":5,""relativeFrequency"":0.195,""theoreticalProbability"":0.19210813105163424},{""frequency"":174,""successCount"":6,""relativeFrequency"":0.174,""theoreticalProbability"":0.16009010920969519},{""frequency"":94,""successCount"":7,""relativeFrequency"":0.094,""theoreticalProbability"":0.10977607488664813},{""frequency"":54,""successCount"":8,""relativeFrequency"":0.054,""theoreticalProbability"":0.06312124305982265},{""frequency"":34,""successCount"":9,""relativeFrequency"":0.034,""theoreticalProbability"":0.030859274384802193},{""frequency"":13,""successCount"":10,""relativeFrequency"":0.013,""theoreticalProbability"":0.01296089524161692},{""frequency"":4,""successCount"":11,""relativeFrequency"":0.004,""theoreticalProbability"":0.004713052815133424},{""frequency"":2,""successCount"":12,""relativeFrequency"":0.002,""theoreticalProbability"":0.001492466724792251},{""frequency"":0,""successCount"":13,""relativeFrequency"":0,""theoreticalProbability"":0.00041329847763477715},{""frequency"":0,""successCount"":14,""relativeFrequency"":0,""theoreticalProbability"":0.00010037248742558872},{""frequency"":0,""successCount"":15,""relativeFrequency"":0,""theoreticalProbability"":0.00002141279731745893},{""frequency"":0,""successCount"":16,""relativeFrequency"":0,""theoreticalProbability"":0.000004014899497023548},{""frequency"":0,""successCount"":17,""relativeFrequency"":0,""theoreticalProbability"":6.612775642156433e-7},{""frequency"":0,""successCount"":18,""relativeFrequency"":0,""theoreticalProbability"":9.551787038670401e-8},{""frequency"":0,""successCount"":19,""relativeFrequency"":0,""theoreticalProbability"":1.2065415206741558e-8},{""frequency"":0,""successCount"":20,""relativeFrequency"":0,""theoreticalProbability"":1.327195672741571e-9},{""frequency"":0,""successCount"":21,""relativeFrequency"":0,""theoreticalProbability"":1.263995878801496e-10},{""frequency"":0,""successCount"":22,""relativeFrequency"":0,""theoreticalProbability"":1.0341784462921333e-11},{""frequency"":0,""successCount"":23,""relativeFrequency"":0,""theoreticalProbability"":7.19428484377136e-13},{""frequency"":0,""successCount"":24,""relativeFrequency"":0,""theoreticalProbability"":4.1966661588666263e-14},{""frequency"":0,""successCount"":25,""relativeFrequency"":0,""theoreticalProbability"":2.0143997562559807e-15},{""frequency"":0,""successCount"":26,""relativeFrequency"":0,""theoreticalProbability"":7.747691370215309e-17},{""frequency"":0,""successCount"":27,""relativeFrequency"":0,""theoreticalProbability"":2.2956122578415726e-18},{""frequency"":0,""successCount"":28,""relativeFrequency"":0,""theoreticalProbability"":4.919169123946227e-20},{""frequency"":0,""successCount"":29,""relativeFrequency"":0,""theoreticalProbability"":6.785060860615486e-22},{""frequency"":0,""successCount"":30,""relativeFrequency"":0,""theoreticalProbability"":4.523373907076989e-24}],""expectedMean"":5,""observedMean"":4.972,""expectedVariance"":4.166666666666667,""observedVariance"":4.015215999999995,""interpretationType"":""distribution_shape""}",그러게요.,2026-05-22 11:47:04.051313+00
e1d3e395-e774-4b2f-a541-6bad20bffc00,2475644b-e273-4a0f-8c0c-f80af4439083,김성수,20103,"{""n"":30,""p"":0.16666666666666666,""mode"":""dice"",""repeats"":1000,""modeLabel"":""주사위에서 특정 눈 나오기"",""activitySlug"":""probability-simulator"",""distribution"":[{""frequency"":1,""successCount"":0,""relativeFrequency"":0.001,""theoreticalProbability"":0.004212720233087431},{""frequency"":34,""successCount"":1,""relativeFrequency"":0.034,""theoreticalProbability"":0.025276321398524582},{""frequency"":81,""successCount"":2,""relativeFrequency"":0.081,""theoreticalProbability"":0.07330133205572129},{""frequency"":137,""successCount"":3,""relativeFrequency"":0.137,""theoreticalProbability"":0.13682915317067967},{""frequency"":178,""successCount"":4,""relativeFrequency"":0.178,""theoreticalProbability"":0.1847193567804176},{""frequency"":191,""successCount"":5,""relativeFrequency"":0.191,""theoreticalProbability"":0.19210813105163424},{""frequency"":165,""successCount"":6,""relativeFrequency"":0.165,""theoreticalProbability"":0.16009010920969519},{""frequency"":92,""successCount"":7,""relativeFrequency"":0.092,""theoreticalProbability"":0.10977607488664813},{""frequency"":75,""successCount"":8,""relativeFrequency"":0.075,""theoreticalProbability"":0.06312124305982265},{""frequency"":36,""successCount"":9,""relativeFrequency"":0.036,""theoreticalProbability"":0.030859274384802193},{""frequency"":8,""successCount"":10,""relativeFrequency"":0.008,""theoreticalProbability"":0.01296089524161692},{""frequency"":0,""successCount"":11,""relativeFrequency"":0,""theoreticalProbability"":0.004713052815133424},{""frequency"":2,""successCount"":12,""relativeFrequency"":0.002,""theoreticalProbability"":0.001492466724792251},{""frequency"":0,""successCount"":13,""relativeFrequency"":0,""theoreticalProbability"":0.00041329847763477715},{""frequency"":0,""successCount"":14,""relativeFrequency"":0,""theoreticalProbability"":0.00010037248742558872},{""frequency"":0,""successCount"":15,""relativeFrequency"":0,""theoreticalProbability"":0.00002141279731745893},{""frequency"":0,""successCount"":16,""relativeFrequency"":0,""theoreticalProbability"":0.000004014899497023548},{""frequency"":0,""successCount"":17,""relativeFrequency"":0,""theoreticalProbability"":6.612775642156433e-7},{""frequency"":0,""successCount"":18,""relativeFrequency"":0,""theoreticalProbability"":9.551787038670401e-8},{""frequency"":0,""successCount"":19,""relativeFrequency"":0,""theoreticalProbability"":1.2065415206741558e-8},{""frequency"":0,""successCount"":20,""relativeFrequency"":0,""theoreticalProbability"":1.327195672741571e-9},{""frequency"":0,""successCount"":21,""relativeFrequency"":0,""theoreticalProbability"":1.263995878801496e-10},{""frequency"":0,""successCount"":22,""relativeFrequency"":0,""theoreticalProbability"":1.0341784462921333e-11},{""frequency"":0,""successCount"":23,""relativeFrequency"":0,""theoreticalProbability"":7.19428484377136e-13},{""frequency"":0,""successCount"":24,""relativeFrequency"":0,""theoreticalProbability"":4.1966661588666263e-14},{""frequency"":0,""successCount"":25,""relativeFrequency"":0,""theoreticalProbability"":2.0143997562559807e-15},{""frequency"":0,""successCount"":26,""relativeFrequency"":0,""theoreticalProbability"":7.747691370215309e-17},{""frequency"":0,""successCount"":27,""relativeFrequency"":0,""theoreticalProbability"":2.2956122578415726e-18},{""frequency"":0,""successCount"":28,""relativeFrequency"":0,""theoreticalProbability"":4.919169123946227e-20},{""frequency"":0,""successCount"":29,""relativeFrequency"":0,""theoreticalProbability"":6.785060860615486e-22},{""frequency"":0,""successCount"":30,""relativeFrequency"":0,""theoreticalProbability"":4.523373907076989e-24}],""expectedMean"":5,""observedMean"":4.936,""expectedVariance"":4.166666666666667,""observedVariance"":4.101904000000001,""interpretationType"":""large_number_law""}",우와 짱....,2026-05-22 12:44:34.662566+00
e81634cd-b01b-4ff2-afa9-8d52f4c74b3c,cf1eea0c-14ae-41c1-84a5-834f1aada652,테스트학생,2,"{""n"":30,""p"":0.5,""mode"":""coin"",""repeats"":1000,""modeLabel"":""동전 던지기"",""activitySlug"":""probability-simulator"",""distribution"":[{""frequency"":0,""successCount"":0,""relativeFrequency"":0,""theoreticalProbability"":9.313225746154785e-10},{""frequency"":0,""successCount"":1,""relativeFrequency"":0,""theoreticalProbability"":2.7939677238464355e-8},{""frequency"":0,""successCount"":2,""relativeFrequency"":0,""theoreticalProbability"":4.0512531995773315e-7},{""frequency"":0,""successCount"":3,""relativeFrequency"":0,""theoreticalProbability"":0.0000037811696529388428},{""frequency"":0,""successCount"":4,""relativeFrequency"":0,""theoreticalProbability"":0.00002552289515733719},{""frequency"":0,""successCount"":5,""relativeFrequency"":0,""theoreticalProbability"":0.00013271905481815338},{""frequency"":1,""successCount"":6,""relativeFrequency"":0.001,""theoreticalProbability"":0.0005529960617423058},{""frequency"":0,""successCount"":7,""relativeFrequency"":0,""theoreticalProbability"":0.0018959864974021912},{""frequency"":5,""successCount"":8,""relativeFrequency"":0.005,""theoreticalProbability"":0.0054509611800313},{""frequency"":12,""successCount"":9,""relativeFrequency"":0.012,""theoreticalProbability"":0.013324571773409843},{""frequency"":29,""successCount"":10,""relativeFrequency"":0.029,""theoreticalProbability"":0.02798160072416067},{""frequency"":50,""successCount"":11,""relativeFrequency"":0.05,""theoreticalProbability"":0.05087563768029213},{""frequency"":92,""successCount"":12,""relativeFrequency"":0.092,""theoreticalProbability"":0.08055309299379587},{""frequency"":114,""successCount"":13,""relativeFrequency"":0.114,""theoreticalProbability"":0.11153505183756351},{""frequency"":137,""successCount"":14,""relativeFrequency"":0.137,""theoreticalProbability"":0.13543542008846998},{""frequency"":141,""successCount"":15,""relativeFrequency"":0.141,""theoreticalProbability"":0.14446444809436798},{""frequency"":121,""successCount"":16,""relativeFrequency"":0.121,""theoreticalProbability"":0.13543542008846998},{""frequency"":114,""successCount"":17,""relativeFrequency"":0.114,""theoreticalProbability"":0.11153505183756351},{""frequency"":88,""successCount"":18,""relativeFrequency"":0.088,""theoreticalProbability"":0.08055309299379587},{""frequency"":47,""successCount"":19,""relativeFrequency"":0.047,""theoreticalProbability"":0.05087563768029213},{""frequency"":26,""successCount"":20,""relativeFrequency"":0.026,""theoreticalProbability"":0.02798160072416067},{""frequency"":11,""successCount"":21,""relativeFrequency"":0.011,""theoreticalProbability"":0.013324571773409843},{""frequency"":8,""successCount"":22,""relativeFrequency"":0.008,""theoreticalProbability"":0.0054509611800313},{""frequency"":4,""successCount"":23,""relativeFrequency"":0.004,""theoreticalProbability"":0.0018959864974021912},{""frequency"":0,""successCount"":24,""relativeFrequency"":0,""theoreticalProbability"":0.0005529960617423058},{""frequency"":0,""successCount"":25,""relativeFrequency"":0,""theoreticalProbability"":0.00013271905481815338},{""frequency"":0,""successCount"":26,""relativeFrequency"":0,""theoreticalProbability"":0.00002552289515733719},{""frequency"":0,""successCount"":27,""relativeFrequency"":0,""theoreticalProbability"":0.0000037811696529388428},{""frequency"":0,""successCount"":28,""relativeFrequency"":0,""theoreticalProbability"":4.0512531995773315e-7},{""frequency"":0,""successCount"":29,""relativeFrequency"":0,""theoreticalProbability"":2.7939677238464355e-8},{""frequency"":0,""successCount"":30,""relativeFrequency"":0,""theoreticalProbability"":9.313225746154785e-10}],""expectedMean"":15,""observedMean"":14.983,""expectedVariance"":7.5,""observedVariance"":7.518710999999968,""interpretationType"":""theory_comparison""}",오오,2026-05-23 15:06:27.013316+00
f35088b1-0419-4f6f-a0d4-e442cec28132,cf1eea0c-14ae-41c1-84a5-834f1aada652,테스트학생,2,"{""n"":50,""p"":0.5,""mode"":""coin"",""repeats"":1000,""modeLabel"":""동전 던지기"",""activitySlug"":""probability-simulator"",""distribution"":[{""frequency"":0,""successCount"":0,""relativeFrequency"":0,""theoreticalProbability"":8.881784197001252e-16},{""frequency"":0,""successCount"":1,""relativeFrequency"":0,""theoreticalProbability"":4.440892098500626e-14},{""frequency"":0,""successCount"":2,""relativeFrequency"":0,""theoreticalProbability"":1.0880185641326534e-12},{""frequency"":0,""successCount"":3,""relativeFrequency"":0,""theoreticalProbability"":1.7408297026122455e-11},{""frequency"":0,""successCount"":4,""relativeFrequency"":0,""theoreticalProbability"":2.0454749005693884e-10},{""frequency"":0,""successCount"":5,""relativeFrequency"":0,""theoreticalProbability"":1.8818369085238373e-9},{""frequency"":0,""successCount"":6,""relativeFrequency"":0,""theoreticalProbability"":1.411377681392878e-8},{""frequency"":0,""successCount"":7,""relativeFrequency"":0,""theoreticalProbability"":8.871516854469519e-8},{""frequency"":0,""successCount"":8,""relativeFrequency"":0,""theoreticalProbability"":4.768440309277366e-7},{""frequency"":0,""successCount"":9,""relativeFrequency"":0,""theoreticalProbability"":0.0000022252721443294377},{""frequency"":0,""successCount"":10,""relativeFrequency"":0,""theoreticalProbability"":0.000009123615791750694},{""frequency"":0,""successCount"":11,""relativeFrequency"":0,""theoreticalProbability"":0.00003317678469727525},{""frequency"":0,""successCount"":12,""relativeFrequency"":0,""theoreticalProbability"":0.00010782455026614457},{""frequency"":1,""successCount"":13,""relativeFrequency"":0.001,""theoreticalProbability"":0.0003151794546241149},{""frequency"":2,""successCount"":14,""relativeFrequency"":0.002,""theoreticalProbability"":0.0008329742729351608},{""frequency"":2,""successCount"":15,""relativeFrequency"":0.002,""theoreticalProbability"":0.001999138255044386},{""frequency"":6,""successCount"":16,""relativeFrequency"":0.006,""theoreticalProbability"":0.004373114932909594},{""frequency"":11,""successCount"":17,""relativeFrequency"":0.011,""theoreticalProbability"":0.008746229865819188},{""frequency"":17,""successCount"":18,""relativeFrequency"":0.017,""theoreticalProbability"":0.016034754754001845},{""frequency"":32,""successCount"":19,""relativeFrequency"":0.032,""theoreticalProbability"":0.027005902743582055},{""frequency"":45,""successCount"":20,""relativeFrequency"":0.045,""theoreticalProbability"":0.041859149252552186},{""frequency"":56,""successCount"":21,""relativeFrequency"":0.056,""theoreticalProbability"":0.05979878464650312},{""frequency"":90,""successCount"":22,""relativeFrequency"":0.09,""theoreticalProbability"":0.07882567067039048},{""frequency"":90,""successCount"":23,""relativeFrequency"":0.09,""theoreticalProbability"":0.09596168603351884},{""frequency"":122,""successCount"":24,""relativeFrequency"":0.122,""theoreticalProbability"":0.1079568967877087},{""frequency"":106,""successCount"":25,""relativeFrequency"":0.106,""theoreticalProbability"":0.11227517265921705},{""frequency"":117,""successCount"":26,""relativeFrequency"":0.117,""theoreticalProbability"":0.1079568967877087},{""frequency"":85,""successCount"":27,""relativeFrequency"":0.085,""theoreticalProbability"":0.09596168603351884},{""frequency"":76,""successCount"":28,""relativeFrequency"":0.076,""theoreticalProbability"":0.07882567067039048},{""frequency"":52,""successCount"":29,""relativeFrequency"":0.052,""theoreticalProbability"":0.05979878464650312},{""frequency"":36,""successCount"":30,""relativeFrequency"":0.036,""theoreticalProbability"":0.041859149252552186},{""frequency"":23,""successCount"":31,""relativeFrequency"":0.023,""theoreticalProbability"":0.027005902743582055},{""frequency"":13,""successCount"":32,""relativeFrequency"":0.013,""theoreticalProbability"":0.016034754754001845},{""frequency"":9,""successCount"":33,""relativeFrequency"":0.009,""theoreticalProbability"":0.008746229865819188},{""frequency"":6,""successCount"":34,""relativeFrequency"":0.006,""theoreticalProbability"":0.004373114932909594},{""frequency"":2,""successCount"":35,""relativeFrequency"":0.002,""theoreticalProbability"":0.001999138255044386},{""frequency"":1,""successCount"":36,""relativeFrequency"":0.001,""theoreticalProbability"":0.0008329742729351608},{""frequency"":0,""successCount"":37,""relativeFrequency"":0,""theoreticalProbability"":0.0003151794546241149},{""frequency"":0,""successCount"":38,""relativeFrequency"":0,""theoreticalProbability"":0.00010782455026614457},{""frequency"":0,""successCount"":39,""relativeFrequency"":0,""theoreticalProbability"":0.00003317678469727525},{""frequency"":0,""successCount"":40,""relativeFrequency"":0,""theoreticalProbability"":0.000009123615791750694},{""frequency"":0,""successCount"":41,""relativeFrequency"":0,""theoreticalProbability"":0.0000022252721443294377},{""frequency"":0,""successCount"":42,""relativeFrequency"":0,""theoreticalProbability"":4.768440309277366e-7},{""frequency"":0,""successCount"":43,""relativeFrequency"":0,""theoreticalProbability"":8.871516854469519e-8},{""frequency"":0,""successCount"":44,""relativeFrequency"":0,""theoreticalProbability"":1.411377681392878e-8},{""frequency"":0,""successCount"":45,""relativeFrequency"":0,""theoreticalProbability"":1.8818369085238373e-9},{""frequency"":0,""successCount"":46,""relativeFrequency"":0,""theoreticalProbability"":2.0454749005693884e-10},{""frequency"":0,""successCount"":47,""relativeFrequency"":0,""theoreticalProbability"":1.7408297026122455e-11},{""frequency"":0,""successCount"":48,""relativeFrequency"":0,""theoreticalProbability"":1.0880185641326534e-12},{""frequency"":0,""successCount"":49,""relativeFrequency"":0,""theoreticalProbability"":4.440892098500626e-14},{""frequency"":0,""successCount"":50,""relativeFrequency"":0,""theoreticalProbability"":8.881784197001252e-16}],""expectedMean"":25,""observedMean"":24.761,""expectedVariance"":12.5,""observedVariance"":12.73787900000002,""interpretationType"":""theory_comparison""}",신기방기,2026-05-23 14:56:40.445767+00